{"cameraMode":{"drawMode":0,"name":"Shaded","section":"Shading Mode"},"sceneLighting":true,"audioPlay":false,"sceneViewState":{"showFog":true,"showMaterialUpdate":true,"showSkybox":true,"showFlares":true,"showImageEffects":true,"showParticleSystems":true},"in2DMode":false,"pivot":{"x":2.440247058868408,"y":0.09348857402801514,"z":-8.695822715759278},"rotation":{"x":-0.027177467942237855,"y":0.95208740234375,"z":-0.08880038559436798,"w":-0.2913884222507477},"size":2.3275203704833986,"orthographic":false}