{"cameraMode":{"drawMode":0,"name":"Shaded","section":"Shading Mode"},"sceneLighting":true,"audioPlay":false,"sceneViewState":{"showFog":true,"showMaterialUpdate":true,"showSkybox":true,"showFlares":true,"showImageEffects":true,"showParticleSystems":true},"in2DMode":false,"pivot":{"x":-10.658897399902344,"y":2.715794563293457,"z":0.05790400505065918},"rotation":{"x":0.06048878654837608,"y":-0.9099181890487671,"z":0.14310990273952485,"w":0.3845987915992737},"size":4.322560787200928,"orthographic":false}