{"cameraMode":{"drawMode":0,"name":"Shaded","section":"Shading Mode"},"sceneLighting":false,"audioPlay":false,"sceneViewState":{"showFog":true,"showMaterialUpdate":true,"showSkybox":false,"showFlares":true,"showImageEffects":true,"showParticleSystems":true},"in2DMode":false,"pivot":{"x":0.028148174285888673,"y":0.3547782301902771,"z":-0.030446060001850129},"rotation":{"x":-0.08386930078268051,"y":-0.028388086706399919,"z":0.002385960193350911,"w":-0.9961051344871521},"size":0.8374687433242798,"orthographic":false}