{"cameraMode":{"drawMode":0,"name":"Shaded","section":"Shading Mode"},"sceneLighting":true,"audioPlay":false,"sceneViewState":{"showFog":true,"showMaterialUpdate":true,"showSkybox":true,"showFlares":true,"showImageEffects":true,"showParticleSystems":true},"in2DMode":false,"pivot":{"x":2.713369131088257,"y":0.5603549480438232,"z":-2.887577533721924},"rotation":{"x":-0.014942150563001633,"y":0.08688125759363175,"z":0.0013128452701494098,"w":0.9961210489273071},"size":0.472869336605072,"orthographic":false}