{"cameraMode":{"drawMode":0,"name":"Shaded","section":"Shading Mode"},"sceneLighting":true,"audioPlay":false,"sceneViewState":{"showFog":true,"showMaterialUpdate":true,"showSkybox":true,"showFlares":true,"showImageEffects":true,"showParticleSystems":true},"in2DMode":false,"pivot":{"x":7.973095417022705,"y":1.1770788431167603,"z":-0.9350512623786926},"rotation":{"x":0.3700587749481201,"y":0.1916199028491974,"z":-0.07828768342733383,"w":0.9056705236434937},"size":0.7968594431877136,"orthographic":false}