{"cameraMode":{"drawMode":0,"name":"Shaded","section":"Shading Mode"},"sceneLighting":true,"audioPlay":false,"sceneViewState":{"showFog":true,"showMaterialUpdate":true,"showSkybox":true,"showFlares":true,"showImageEffects":true,"showParticleSystems":true},"in2DMode":false,"pivot":{"x":1.0637463331222535,"y":0.966366171836853,"z":-3.459589958190918},"rotation":{"x":0.04012816771864891,"y":-0.6678381562232971,"z":0.03609679266810417,"w":0.7423596382141113},"size":0.11491543054580689,"orthographic":false}