{"cameraMode":{"drawMode":0,"name":"Shaded","section":"Shading Mode"},"sceneLighting":true,"audioPlay":false,"sceneViewState":{"showFog":true,"showMaterialUpdate":true,"showSkybox":true,"showFlares":true,"showImageEffects":true,"showParticleSystems":true},"in2DMode":false,"pivot":{"x":1.3198997974395753,"y":0.5694270133972168,"z":-1.4134998321533204},"rotation":{"x":0.0166561808437109,"y":-0.6721989512443543,"z":0.01512428093701601,"w":0.7400408983230591},"size":0.3073950409889221,"orthographic":false}