{"cameraMode":{"drawMode":0,"name":"Shaded","section":"Shading Mode"},"sceneLighting":true,"audioPlay":false,"sceneViewState":{"showFog":true,"showMaterialUpdate":true,"showSkybox":true,"showFlares":true,"showImageEffects":true,"showParticleSystems":true},"in2DMode":false,"pivot":{"x":5.799741744995117,"y":0.7032885551452637,"z":-8.239327430725098},"rotation":{"x":-0.004384717438369989,"y":0.9946699738502502,"z":-0.09126684069633484,"w":-0.04778198525309563},"size":0.4031614065170288,"orthographic":false}