{"cameraMode":{"drawMode":0,"name":"Shaded","section":"Shading Mode"},"sceneLighting":true,"audioPlay":false,"sceneViewState":{"showFog":true,"showMaterialUpdate":true,"showSkybox":true,"showFlares":true,"showImageEffects":true,"showParticleSystems":true},"in2DMode":false,"pivot":{"x":-2.6855573654174806,"y":0.37016552686691286,"z":-5.0324482917785648},"rotation":{"x":-0.05652432516217232,"y":0.7002124190330505,"z":-0.05578506365418434,"w":-0.7095065712928772},"size":2.0545268058776857,"orthographic":false}