{"cameraMode":{"drawMode":0,"name":"Shaded","section":"Shading Mode"},"sceneLighting":true,"audioPlay":false,"sceneViewState":{"showFog":true,"showMaterialUpdate":true,"showSkybox":true,"showFlares":true,"showImageEffects":true,"showParticleSystems":true},"in2DMode":false,"pivot":{"x":7.634029865264893,"y":0.9966703057289124,"z":-0.7710138559341431},"rotation":{"x":0.21421052515506745,"y":-0.19710922241210938,"z":0.044181518256664279,"w":0.9556817412376404},"size":0.9962114691734314,"orthographic":false}